token_length,num_triples
132,2
117,3
163,4
96,1
185,6
130,4
268,4
134,2
107,2
105,2
204,5
210,4
128,3
100,2
134,4
115,3
135,3
155,5
113,3
119,4
109,2
96,2
161,3
102,2
185,4
105,1
147,3
86,1
125,3
152,3
123,3
170,3
113,2
197,4
131,3
147,5
126,3
164,3
156,5
148,4
120,2
108,2
88,1
174,4
93,1
172,5
108,2
226,6
171,5
147,2
168,5
92,2
203,4
112,2
84,1
80,1
96,1
87,1
155,5
154,5
92,1
190,7
199,7
156,3
155,4
167,5
91,2
87,1
95,1
77,1
195,5
114,2
89,1
158,3
89,1
241,4
92,2
107,1
79,1
88,1
151,3
151,4
98,1
233,5
117,3
120,2
209,4
92,1
135,4
101,1
113,2
97,1
140,3
163,5
85,1
182,6
90,1
159,4
96,2
128,2
111,2
83,1
142,4
171,3
121,2
168,5
162,5
80,1
130,3
177,5
163,4
79,1
172,3
180,4
113,2
93,2
79,1
90,1
89,1
91,1
158,4
153,4
129,4
91,1
96,1
137,5
125,3
85,1
100,1
155,5
162,4
179,6
126,4
121,3
136,4
161,4
88,1
134,3
103,2
106,1
193,7
164,4
165,4
113,2
132,3
210,5
140,4
129,3
107,2
167,5
230,7
116,2
103,2
161,3
165,5
116,1
129,2
77,1
85,1
234,6
187,3
115,2
105,1
80,1
170,4
152,5
145,4
76,1
98,1
133,3
167,5
129,2
198,5
125,2
169,4
212,3
121,2
149,3
115,3
129,2
167,5
139,4
103,3
85,1
93,2
97,1
162,5
112,2
140,3
138,4
169,4
186,4
161,4
225,7
94,2
173,5
133,4
93,1
113,2
138,3
181,4
121,3
99,1
158,3
146,3
110,3
166,4
253,4
102,1
107,2
140,4
84,1
133,4
80,1
93,1
138,4
84,1
168,5
146,3
143,3
117,1
155,5
158,3
149,3
107,2
166,4
156,3
123,4
151,4
169,5
115,2
140,4
103,1
109,2
205,5
186,3
90,1
127,3
173,5
170,5
106,2
152,3
160,3
86,1
171,5
197,5
151,5
156,3
284,5
97,2
85,1
164,5
80,1
151,5
130,4
116,1
171,5
100,1
106,1
186,5
74,1
164,5
146,4
144,4
169,6
146,5
111,2
136,4
95,2
123,3
82,1
153,3
127,2
129,3
117,3
120,3
91,1
165,5
148,3
150,3
99,2
91,1
162,4
248,5
129,2
151,4
82,1
97,2
81,1
86,1
91,1
150,3
175,4
164,4
85,1
110,2
86,1
137,2
114,2
123,3
141,3
138,4
120,3
168,5
159,4
128,3
125,4
93,1
86,1
138,3
155,3
108,3
111,2
79,1
153,3
95,2
115,2
106,2
99,1
156,4
91,2
168,3
246,5
129,3
157,4
129,2
90,1
168,3
126,2
162,5
116,3
139,3
168,5
93,2
100,1
96,2
110,2
175,5
116,2
139,3
148,3
139,5
99,2
98,1
81,1
87,1
136,4
110,3
100,1
83,1
91,1
77,1
85,1
247,7
97,1
115,2
90,1
83,1
185,4
151,3
162,5
78,1
153,3
89,1
158,3
138,2
129,2
124,3
123,2
102,2
156,4
118,3
132,3
84,1
150,4
167,5
182,3
169,5
197,5
112,2
106,2
107,2
113,2
88,1
144,3
105,2
138,3
118,2
200,5
143,3
170,3
126,2
139,4
190,4
146,3
136,4
115,1
138,5
100,1
119,2
87,1
131,4
78,1
142,3
215,5
109,1
111,3
111,2
114,1
99,1
140,4
100,1
169,4
115,2
246,6
154,5
259,5
135,4
112,2
129,2
255,4
92,1
100,2
182,3
97,2
114,2
125,2
106,1
144,5
133,3
133,3
121,3
136,3
95,2
277,5
156,5
108,2
144,4
125,2
96,1
210,4
150,3
195,4
166,4
130,3
75,1
137,3
154,4
225,5
103,2
89,1
137,4
152,4
126,3
103,2
207,5
119,3
75,1
247,5
80,1
142,3
121,2
114,2
117,2
87,1
75,1
143,4
181,5
120,3
136,4
130,4
175,4
288,5
146,4
142,4
137,4
84,1
84,1
156,3
161,5
75,1
95,1
254,7
94,2
165,3
91,1
136,3
134,2
100,1
132,3
109,2
214,5
123,3
95,1
78,1
102,2
210,6
85,1
202,5
146,4
97,2
101,1
136,3
147,3
166,4
86,2
181,5
153,5
135,2
166,5
135,2
110,2
159,2
98,1
121,3
117,3
134,2
166,4
161,4
102,1
134,3
147,5
130,4
82,1
138,3
99,1
81,1
105,2
131,2
104,3
152,5
232,4
137,3
126,3
165,5
138,3
163,4
146,3
103,2
155,5
84,1
91,1
159,4
182,3
104,1
118,3
128,3
168,2
116,2
87,1
92,2
120,3
100,1
150,3
216,4
130,5
91,2
89,1
88,1
105,2
102,2
111,1
216,5
158,5
143,3
96,2
126,3
146,3
114,3
176,5
80,1
157,2
115,3
107,1
127,3
138,3
132,3
102,2
82,1
88,2
146,4
104,1
108,2
148,4
164,5
132,4
96,1
156,4
129,2
173,4
151,5
78,1
177,5
110,3
243,4
166,5
106,2
94,1
186,5
155,4
176,5
119,2
97,1
118,2
89,2
112,2
111,2
82,1
136,3
156,5
148,5
136,4
80,1
109,2
84,1
142,3
92,2
172,5
101,2
89,1
139,3
144,3
146,5
278,6
134,5
101,1
217,5
81,1
77,1
156,4
162,5
159,3
127,2
84,1
104,3
84,1
199,5
137,5
187,4
179,5
176,5
109,3
105,1
141,4
212,4
165,5
203,6
120,3
101,1
205,7
120,2
244,7
145,3
143,3
116,3
92,2
84,1
128,3
145,4
107,2
148,5
192,4
76,1
158,3
122,3
167,3
85,1
82,1
114,2
77,1
152,4
117,2
86,1
146,4
143,4
78,1
205,7
118,3
115,3
102,1
150,2
124,3
91,1
177,5
186,6
132,4
140,3
110,2
83,1
78,1
90,1
118,3
88,1
141,3
105,3
143,3
136,2
110,2
148,3
181,4
125,3
241,6
163,4
107,2
121,2
157,5
88,1
97,1
122,4
139,4
192,6
134,3
82,1
143,5
187,2
91,1
156,4
132,3
151,3
165,4
190,5
85,1
170,5
182,5
105,2
80,1
104,2
198,7
146,4
154,4
123,3
85,1
138,3
85,1
164,5
115,3
95,1
98,1
148,3
123,2
212,5
159,5
212,7
110,2
76,1
112,2
121,2
84,1
102,2
95,1
161,4
133,2
86,1
105,2
147,5
102,1
102,2
123,2
111,2
90,1
200,5
143,2
115,3
127,4
160,5
104,1
101,1
129,2
158,5
120,3
103,1
153,3
208,7
139,2
155,4
213,6
91,1
118,1
177,3
94,2
85,1
120,3
217,5
274,7
155,3
132,3
81,1
163,3
107,2
163,3
128,3
140,4
116,3
134,4
159,4
97,1
137,3
129,3
156,4
188,5
114,3
90,1
190,4
157,4
126,4
95,1
139,4
127,3
155,3
136,3
122,3
118,2
180,4
149,4
104,2
179,3
78,1
159,5
86,1
93,1
178,5
163,5
87,1
131,5
142,4
81,1
188,4
152,4
231,6
107,2
100,2
151,5
135,3
80,1
75,1
153,3
118,2
168,5
141,4
153,4
121,2
93,1
127,3
104,2
119,2
182,5
147,5
167,5
106,1
95,2
147,4
156,3
129,3
112,3
123,3
129,3
122,3
105,2
105,2
158,4
84,1
115,2
84,1
118,2
160,5
151,4
147,4
89,1
149,5
133,3
185,3
82,1
157,5
109,2
91,1
222,7
143,3
157,5
166,4
120,2
119,3
165,4
200,3
227,6
103,2
145,3
143,4
116,3
150,5
176,3
193,5
125,2
103,2
139,3
82,1
183,3
125,3
165,5
86,1
131,4
107,2
181,4
85,1
151,4
105,2
141,4
144,5
88,1
124,1
118,1
218,5
110,2
85,1
99,1
170,4
180,3
78,1
104,2
199,4
142,3
115,2
103,2
81,1
228,5
152,3
123,3
83,1
80,1
126,2
117,3
110,2
129,3
141,3
183,2
152,3
149,3
141,3
127,2
99,2
149,4
132,3
109,2
114,2
98,2
76,1
122,3
92,2
156,5
181,4
174,5
152,4
180,4
163,4
96,1
218,4
255,4
80,1
175,4
157,5
131,3
75,1
125,4
82,1
136,2
178,4
97,1
112,2
154,4
161,3
136,4
87,1
114,1
90,2
122,2
123,3
308,7
264,5
82,1
168,5
101,1
228,4
177,5
129,2
211,5
90,1
126,3
78,1
149,5
108,2
133,3
163,4
117,2
118,3
137,3
139,3
89,1
227,4
155,4
101,2
166,3
79,1
125,4
76,1
174,6
160,4
100,1
137,2
122,2
178,5
122,2
129,3
138,3
145,4
120,1
98,1
238,7
160,5
152,5
138,4
159,5
117,3
96,2
224,5
211,7
98,2
132,3
169,4
96,2
81,1
135,3
164,5
104,2
190,5
166,5
142,3
255,4
143,4
103,2
110,3
168,5
120,2
239,4
152,5
108,3
146,3
81,1
163,4
109,2
121,1
149,4
107,3
98,2
170,2
138,3
183,4
109,2
102,2
92,1
107,3
95,2
82,1
191,4
90,1
91,1
137,3
141,5
138,3
126,3
124,4
94,2
127,4
101,1
158,4
110,2
120,4
123,2
185,3
100,1
163,5
183,4
96,2
154,3
149,3
117,2
197,4
152,3
80,1
102,1
97,2
197,3
127,1
169,4
118,3
168,4
98,2
87,1
163,3
82,1
137,4
75,1
84,1
174,3
147,3
146,5
192,4
174,5
88,1
212,6
272,7
151,4
134,3
121,2
138,3
156,4
146,4
199,5
82,1
161,3
101,1
121,3
138,3
154,4
111,2
198,5
255,4
122,2
176,4
177,3
104,1
121,3
144,4
143,4
87,1
121,2
100,1
160,4
121,3
116,2
96,2
102,2
126,2
113,2
192,6
167,4
100,1
82,1
114,3
90,1
154,3
144,3
133,3
121,3
105,2
160,3
73,1
106,1
83,1
167,4
103,1
150,3
89,1
120,2
129,4
150,4
147,4
125,3
110,2
93,2
179,5
134,3
142,3
112,3
85,1
203,7
135,4
86,1
144,4
165,3
82,1
184,4
182,3
80,1
118,3
155,5
126,3
109,3
85,1
211,6
96,1
78,1
200,6
204,5
144,5
186,4
187,4
133,3
92,2
105,2
154,4
182,5
183,5
90,1
118,3
104,1
131,3
85,1
85,1
140,2
133,3
229,5
147,4
147,4
122,3
126,3
139,3
75,1
181,4
84,1
135,5
129,4
154,2
196,3
98,1
164,4
135,3
163,5
152,3
165,4
99,1
102,2
108,2
100,2
94,1
126,2
202,5
125,3
197,6
113,2
227,5
82,1
128,3
150,3
146,5
83,1
111,1
151,3
154,5
92,1
169,4
129,3
123,3
96,2
106,2
82,1
172,5
98,2
177,3
85,1
89,1
80,1
114,2
109,2
135,3
78,1
149,5
87,1
100,2
119,4
151,5
91,1
156,5
146,4
117,2
149,4
79,1
83,1
135,3
141,5
83,1
125,2
122,3
173,5
112,1
172,4
169,5
136,3
96,1
122,3
145,4
211,5
151,4
89,1
154,3
187,4
164,5
161,4
112,2
94,1
137,4
111,1
254,4
169,3
98,2
155,5
108,2
102,2
126,3
84,1
97,2
100,2
206,4
88,1
177,3
108,2
112,2
136,4
176,3
171,4
109,2
125,4
113,3
156,4
113,3
77,1
88,1
135,3
124,3
199,5
128,2
178,4
139,4
124,3
139,3
84,1
140,4
159,4
124,3
119,3
173,4
156,4
111,2
101,2
104,1
131,4
80,1
121,3
89,1
118,2
269,5
101,1
168,5
127,4
158,5
199,5
140,2
103,2
112,2
125,2
138,3
180,3
121,3
121,3
164,4
88,1
115,2
125,2
231,4
112,2
82,1
162,4
161,3
146,4
98,1
122,1
177,6
98,1
142,3
157,3
135,3
81,1
135,5
125,4
122,3
140,4
127,4
246,7
78,1
168,4
100,2
76,1
136,3
114,3
107,2
132,3
154,3
162,5
152,4
145,4
171,5
111,3
210,7
150,4
121,4
104,1
111,2
234,4
124,3
151,3
147,4
149,5
159,5
132,3
143,3
95,2
101,2
152,4
154,4
118,4
216,5
85,1
114,2
208,5
169,5
138,2
245,5
178,5
154,2
119,1
97,2
214,5
102,1
161,5
87,1
170,3
114,2
125,3
169,5
135,2
120,2
161,3
168,4
123,2
78,1
99,2
121,3
174,4
171,4
81,1
277,5
84,1
136,3
102,3
101,2
166,5
178,5
130,1
104,1
210,5
89,1
157,4
142,3
133,3
144,3
113,3
144,3
141,3
184,4
96,1
159,5
76,1
160,4
84,1
137,3
102,2
98,1
247,4
185,3
153,4
112,2
112,2
93,2
127,4
180,5
135,3
199,5
127,3
235,4
137,5
92,1
291,6
95,1
81,1
151,4
83,1
112,2
158,5
90,1
251,4
124,4
106,2
94,1
128,3
258,4
214,6
135,4
239,4
99,1
87,1
165,3
157,4
79,1
103,1
75,1
112,2
160,5
123,2
127,3
125,2
110,2
195,7
91,1
206,6
172,4
109,2
85,1
187,3
129,4
85,1
120,2
163,3
113,1
182,6
93,1
179,4
152,4
159,4
156,5
170,4
92,1
104,2
92,2
174,3
153,4
89,1
155,4
219,4
154,4
177,3
77,1
91,1
147,4
116,3
90,1
163,4
123,4
252,6
152,4
101,1
150,4
122,2
129,2
153,4
245,5
126,3
146,4
100,1
78,1
80,1
164,3
130,4
88,1
182,4
83,1
119,3
141,4
94,1
106,1
86,1
130,3
109,1
124,3
180,5
174,4
169,4
85,1
170,4
110,2
78,1
162,4
109,2
195,4
146,4
138,3
105,1
107,2
84,1
188,4
234,6
155,4
118,2
134,2
126,3
168,4
232,5
225,5
212,7
160,5
95,2
144,4
135,2
114,1
85,1
149,4
94,1
171,4
138,4
98,1
133,4
182,5
140,2
180,5
115,2
171,4
174,3
123,2
172,4
103,1
165,4
127,3
212,5
184,7
148,2
148,5
172,2
138,4
162,4
161,4
152,3
249,6
90,1
91,1
88,1
134,3
142,4
114,1
144,3
105,2
207,5
130,2
112,3
200,5
102,1
172,3
151,5
147,3
89,1
142,4
81,1
151,3
253,7
89,1
89,1
121,3
121,3
123,3
129,3
139,2
176,5
77,1
128,2
134,4
93,1
80,1
175,4
148,3
151,5
89,1
209,4
130,4
88,2
196,5
126,3
101,1
88,1
152,3
103,1
278,4
82,1
91,1
140,4
174,5
118,3
126,2
120,3
152,2
220,7
307,5
248,7
92,1
149,4
88,1
123,3
147,3
91,1
93,2
216,3
125,2
179,5
124,3
112,2
175,5
130,3
157,4
134,4
129,4
261,5
151,4
173,5
149,4
141,4
93,1
115,3
81,1
149,3
107,1
145,2
85,1
120,3
206,4
253,4
175,4
117,3
172,4
101,2
128,4
106,2
105,2
245,7
213,4
143,3
153,4
119,2
243,4
83,1
179,4
192,5
132,2
112,2
101,2
258,5
147,4
111,2
159,4
97,1
84,1
181,5
178,4
91,1
143,3
239,6
110,2
250,4
133,4
125,3
244,7
105,1
117,3
123,4
81,1
163,4
141,3
154,5
217,4
121,3
82,1
106,3
144,4
298,6
175,4
133,2
120,2
96,2
193,6
92,2
212,3
99,2
112,2
120,3
100,1
178,5
176,4
126,4
158,4
151,3
93,1
151,5
188,5
112,2
81,1
187,4
92,1
81,1
147,3
95,2
92,1
166,4
109,2
156,5
83,1
116,2
193,4
113,2
162,5
111,3
112,2
150,3
100,2
160,5
171,5
192,4
106,2
136,2
91,1
137,3
175,4
142,3
162,5
135,3
86,1
99,2
157,5
145,4
98,1
134,4
97,1
183,5
127,3
96,1
137,3
122,3
149,3
98,1
86,1
153,3
246,5
225,7
108,2
125,3
183,2
123,3
232,5
167,4
83,1
97,2
96,1
165,5
193,5
216,5
185,4
101,1
97,1
88,1
150,4
93,1
131,2
164,5
171,3
151,4
141,4
135,3
154,2
173,4
167,3
119,2
147,3
94,1
128,3
177,4
154,4
89,1
163,5
156,5
127,3
152,4
166,4
155,5
195,5
84,1
116,1
93,1
148,4
122,3
102,1
172,5
155,2
115,2
90,1
167,4
148,4
126,3
88,1
155,4
258,5
98,1
138,4
191,5
228,3
105,2
82,1
103,2
272,5
148,4
106,2
155,3
112,2
76,1
169,4
101,2
171,4
126,4
86,1
194,4
137,4
175,4
218,5
193,5
112,3
190,5
99,1
140,2
99,2
81,1
213,5
163,4
259,4
190,4
179,3
175,5
171,5
140,3
129,2
141,4
154,5
194,5
189,3
171,5
101,2
125,3
121,3
198,5
152,5
119,2
247,5
173,4
223,6
176,4
148,3
136,3
137,4
148,5
304,6
146,4
82,1
207,5
80,1
119,3
122,3
100,2
110,2
123,3
99,2
112,3
131,4
198,4
82,1
178,5
88,1
77,1
103,2
78,1
126,4
154,5
97,2
84,1
91,1
149,5
159,4
84,1
175,5
87,1
109,2
82,1
124,4
121,2
90,1
123,2
293,6
122,4
163,4
117,3
99,2
208,5
104,3
102,1
113,2
159,4
88,1
171,4
145,4
133,3
102,1
135,4
88,1
192,5
103,3
116,2
142,4
77,1
113,2
147,4
114,1
115,3
141,4
110,2
138,3
109,2
111,1
117,3
171,5
148,3
177,5
106,2
83,1
215,5
89,1
148,4
114,2
175,5
122,3
150,3
99,2
76,1
163,5
113,2
170,6
85,1
224,5
169,5
174,5
126,3
83,1
128,2
105,2
146,3
144,4
112,2
187,5
102,2
103,2
99,1
181,2
99,2
147,4
163,6
173,4
131,3
139,3
190,4
95,2
127,4
122,3
108,3
115,3
100,2
153,5
160,5
113,2
102,1
182,4
97,2
85,1
177,5
94,1
132,3
133,2
214,4
144,3
110,2
187,5
111,3
155,4
130,3
229,4
175,4
121,2
126,2
134,3
159,3
154,4
127,3
131,3
180,4
138,4
200,3
116,2
100,1
109,2
136,3
174,5
128,4
261,7
104,2
103,2
150,4
139,5
132,4
98,1
189,5
99,1
116,4
192,3
109,3
102,2
97,2
103,2
120,3
260,5
135,3
86,1
91,1
165,5
149,4
139,4
96,1
95,2
89,2
180,4
175,4
114,2
99,2
77,1
176,4
185,5
162,4
94,2
206,5
134,2
111,3
162,5
108,2
118,2
159,5
116,2
105,2
134,5
97,1
94,1
90,1
82,1
115,3
161,4
144,4
138,3
157,4
194,3
200,1
102,1
194,5
173,4
193,5
155,4
154,5
122,2
145,4
90,1
164,4
101,2
124,2
77,1
87,1
125,3
113,3
151,3
168,4
98,2
90,1
144,4
88,1
151,3
141,3
133,3
89,1
181,4
143,3
127,2
88,1
112,3
245,7
171,5
169,4
112,2
180,5
128,3
176,5
162,5
127,3
132,4
80,1
90,1
81,1
127,3
108,1
147,2
111,2
95,2
120,3
184,4
193,6
88,1
196,5
131,2
214,6
193,4
102,2
130,2
91,1
132,3
83,1
162,5
148,2
123,3
122,3
162,5
164,4
105,2
117,3
140,2
155,4
80,1
123,3
129,2
88,1
96,2
158,2
93,1
133,4
150,5
135,3
123,3
151,4
166,5
96,1
78,1
146,4
90,1
101,2
103,1
176,3
139,4
165,5
98,1
150,3
119,2
116,3
119,3
125,4
89,1
158,3
128,2
86,1
110,1
129,3
94,1
130,3
107,1
138,4
111,2
84,1
180,4
138,3
135,4
88,1
164,5
95,2
98,1
104,1
135,4
158,4
142,3
109,2
120,3
175,6
228,7
90,2
139,4
163,4
208,4
141,3
160,3
174,4
127,3
167,4
213,5
119,3
112,2
152,5
123,3
113,2
211,5
119,2
210,4
151,3
116,1
113,2
137,3
116,2
162,4
116,2
80,1
126,4
131,3
85,1
181,5
224,7
154,4
165,5
149,3
88,1
200,5
197,3
115,2
103,2
225,4
95,1
217,7
152,5
118,2
85,1
135,3
85,1
195,5
119,3
126,3
191,5
80,1
155,5
170,3
150,3
78,1
98,2
92,1
131,2
174,3
121,2
77,1
75,1
182,5
82,1
92,1
115,3
152,4
99,2
98,1
177,5
106,2
84,1
144,4
80,1
193,5
79,1
76,1
136,4
271,7
163,4
158,3
105,2
114,2
176,4
124,2
124,2
119,2
128,3
138,4
142,4
106,1
183,4
109,2
140,4
186,5
109,2
130,3
226,4
80,1
81,1
155,4
113,3
146,4
173,5
91,1
91,1
108,3
137,3
150,5
118,4
168,4
161,4
169,5
113,2
220,7
147,4
106,2
118,3
111,2
129,4
80,1
81,1
135,4
84,1
101,1
126,2
152,3
104,1
193,4
155,4
187,5
143,3
230,7
83,1
211,4
155,5
145,5
121,3
155,4
150,5
112,2
116,2
101,1
140,3
192,5
109,2
95,2
125,3
137,3
118,2
144,4
133,4
131,3
103,2
162,5
120,3
96,2
128,3
79,1
85,1
111,3
165,3
105,2
141,4
128,3
161,4
263,5
134,4
160,2
135,3
135,3
173,5
158,3
149,4
163,5
112,2
133,4
167,4
144,3
102,1
109,3
128,2
286,5
193,4
95,1
88,1
157,4
132,3
84,1
180,4
135,2
163,3
102,2
143,4
84,1
162,5
167,3
99,2
121,2
128,2
105,3
80,1
139,3
145,5
190,4
97,1
177,5
86,1
111,3
174,4
122,3
98,2
115,3
109,2
108,2
135,3
309,7
140,4
154,4
142,4
178,4
177,4
92,1
142,5
138,2
84,1
87,1
159,3
160,5
149,5
98,2
133,2
80,1
75,1
100,2
86,1
100,1
189,4
119,3
113,3
134,3
135,3
210,5
207,4
109,1
94,2
113,2
158,4
104,2
147,4
90,1
113,2
133,3
172,5
135,3
88,1
132,3
151,4
82,1
145,3
92,2
92,1
89,2
117,3
117,2
107,2
181,5
111,3
131,4
84,1
143,3
128,3
105,3
110,3
123,3
224,3
137,3
141,4
151,3
123,2
131,2
199,6
90,2
177,4
84,1
144,4
135,4
181,5
157,4
95,2
99,2
138,4
80,1
160,5
134,4
162,3
194,3
127,4
89,1
120,3
222,7
156,3
127,3
219,3
122,2
107,2
95,1
115,3
116,3
239,6
164,5
172,5
232,7
132,3
168,1
109,3
164,2
117,2
107,2
124,3
136,4
160,4
118,3
116,3
192,5
211,5
80,1
144,4
83,1
141,3
166,4
86,1
88,1
90,1
96,2
89,1
152,3
118,2
88,1
158,3
138,4
103,3
213,6
81,1
117,2
193,4
177,5
91,1
103,2
265,6
116,1
88,1
112,3
135,3
148,3
144,3
156,3
75,1
87,1
136,2
191,6
175,5
216,6
106,2
177,3
111,2
129,3
188,4
138,2
84,1
106,1
88,1
93,1
86,1
115,3
158,5
124,3
240,7
172,4
178,5
112,2
178,2
79,1
131,4
133,2
85,1
182,4
81,1
147,5
159,5
110,2
112,2
171,4
119,2
105,2
102,2
90,1
136,2
163,4
102,2
120,1
167,3
181,6
149,3
120,1
110,3
160,3
102,1
211,4
154,5
114,2
139,5
199,3
88,1
249,7
207,4
109,2
81,1
92,2
180,5
151,5
147,3
128,3
133,2
144,4
144,3
185,5
154,3
183,4
165,5
85,1
149,3
115,2
121,4
122,3
123,4
151,4
162,4
231,6
89,2
115,3
139,5
142,4
87,1
142,5
130,3
131,3
103,2
97,1
78,1
105,3
127,3
171,4
128,3
123,3
112,2
129,4
126,3
146,3
163,4
162,5
120,2
152,4
93,1
115,2
145,4
140,3
171,3
122,4
126,1
172,4
121,3
149,4
140,3
145,5
106,2
117,2
152,3
127,3
139,2
181,5
176,4
114,3
86,1
155,4
146,2
82,1
157,3
86,1
163,6
270,5
111,2
200,4
76,1
77,1
117,2
155,2
81,1
194,4
121,3
95,1
104,2
104,2
149,3
131,3
81,1
140,3
78,1
173,4
153,5
104,1
121,4
81,1
155,5
223,5
117,3
138,4
169,4
151,2
104,3
116,3
108,2
126,3
120,3
141,4
142,4
84,1
137,4
171,4
138,4
151,4
123,2
94,1
159,3
92,2
124,3
187,4
141,4
88,1
126,2
184,5
146,4
110,2
190,3
103,2
121,3
187,5
164,4
146,3
152,5
107,2
172,4
215,5
108,2
93,2
246,4
108,1
147,3
250,5
121,3
105,2
224,3
137,2
79,1
105,2
89,1
136,1
158,4
157,5
175,4
74,1
116,3
142,3
109,3
119,2
149,3
80,1
148,4
207,7
136,3
212,3
172,4
91,2
89,1
87,1
139,3
123,2
99,2
79,1
95,2
75,1
99,2
99,1
102,3
76,1
85,1
89,1
133,2
128,3
112,2
90,1
106,2
76,1
82,1
106,1
142,5
80,1
147,4
247,5
150,4
126,3
136,3
85,1
154,5
147,5
78,1
89,1
92,1
93,2
135,5
134,4
186,4
193,4
201,5
147,4
169,5
112,3
148,4
152,4
113,2
148,4
89,1
136,2
158,5
167,4
94,1
128,2
83,1
177,5
101,2
173,5
134,3
152,5
180,4
89,1
165,5
113,2
234,4
98,2
158,4
83,1
146,4
95,2
107,2
183,5
107,1
162,4
154,4
82,1
179,6
107,2
150,5
123,3
123,3
115,2
103,2
169,4
156,5
153,4
183,5
172,3
86,1
299,6
281,5
112,3
123,3
135,4
147,3
111,1
144,5
136,3
94,2
79,1
77,1
147,4
84,1
89,1
86,1
113,2
107,2
120,1
101,1
136,2
77,1
151,3
282,7
136,2
143,2
132,4
131,3
150,3
129,4
89,1
113,3
99,2
147,4
125,3
125,2
98,1
246,7
181,5
158,4
221,7
155,4
183,4
136,3
113,1
146,3
153,3
94,2
80,1
195,5
122,3
90,1
139,4
99,2
142,5
155,3
109,3
87,1
126,4
113,3
205,7
157,5
147,4
135,4
86,1
118,3
112,2
166,5
88,1
155,5
192,4
191,5
158,5
118,3
95,2
156,4
92,1
84,1
152,3
98,1
136,2
165,5
159,5
146,4
122,1
112,2
110,1
97,1
158,4
120,2
263,5
129,3
118,2
144,4
118,3
104,1
109,2
145,5
182,3
123,3
183,6
99,2
154,4
171,5
94,2
107,2
169,5
99,2
165,3
91,1
140,4
80,1
80,1
95,1
95,2
142,3
120,2
136,3
100,2
99,1
91,1
93,2
159,4
222,4
211,7
132,2
157,2
82,1
189,3
120,2
116,2
120,3
256,7
89,1
132,2
109,2
127,3
121,2
127,5
119,3
171,4
128,2
99,1
124,2
129,2
124,3
180,4
117,3
142,4
128,3
98,2
143,3
106,1
145,4
104,2
134,4
84,1
143,4
154,4
129,3
121,3
125,4
115,3
116,3
86,2
234,4
75,1
143,5
142,4
130,3
162,5
117,3
96,2
161,4
152,4
160,4
141,3
161,4
133,3
179,4
184,4
195,4
133,2
99,2
98,2
89,1
167,5
154,3
98,1
121,2
137,2
104,2
162,4
119,3
120,2
83,1
170,5
91,1
124,2
141,3
285,4
160,4
89,1
141,3
83,1
130,3
113,3
119,2
103,1
124,2
123,3
108,2
73,1
185,5
155,3
150,5
97,2
212,5
187,4
80,1
233,5
146,3
92,1
87,1
114,3
161,5
147,4
91,2
92,1
86,1
85,1
115,3
137,2
162,5
124,3
145,5
103,1
146,3
130,3
115,2
144,3
184,5
268,5
104,2
136,3
89,1
122,3
192,5
88,2
152,5
165,3
81,1
140,4
160,4
87,1
137,3
130,4
198,5
142,4
125,3
98,2
99,1
151,3
131,4
258,5
96,1
93,1
108,2
127,3
100,1
96,1
220,5
101,2
125,3
197,5
113,2
129,2
188,4
83,1
181,4
158,4
81,1
78,1
87,1
100,1
112,2
163,5
163,5
200,4
248,4
82,1
145,5
104,1
145,4
176,5
142,3
102,2
131,3
93,2
129,4
111,2
123,4
151,4
84,1
118,2
84,1
165,3
96,1
115,1
93,2
81,1
128,4
254,6
136,4
130,3
171,6
135,2
100,1
110,2
128,3
176,5
113,2
259,5
113,2
201,5
167,4
203,7
228,5
200,5
111,2
109,2
154,3
115,3
178,4
169,4
173,4
170,3
119,2
257,7
184,5
85,1
83,1
184,4
111,2
159,4
85,1
136,4
111,2
85,1
204,5
127,3
118,4
138,3
147,2
104,1
90,1
122,2
84,1
123,2
78,1
118,3
222,4
123,2
81,1
183,2
123,3
113,2
149,4
111,3
115,1
177,5
139,3
146,4
124,3
120,4
118,2
136,4
163,4
79,1
75,1
135,4
187,5
156,3
99,2
136,3
103,3
125,3
137,4
162,4
144,2
134,3
114,2
119,2
159,5
88,1
138,5
98,1
186,4
171,5
113,3
78,1
114,2
215,5
269,5
119,2
112,1
174,4
217,5
156,4
150,5
128,2
96,1
97,2
156,4
106,2
176,4
174,4
83,1
118,2
147,5
121,3
101,1
126,3
168,5
260,4
104,1
156,3
133,3
80,1
215,5
114,3
119,2
197,4
133,3
143,3
101,1
203,5
99,1
100,2
79,1
84,1
165,4
197,4
179,5
127,2
129,3
160,5
279,5
206,5
85,1
89,1
189,5
85,1
131,3
92,1
92,1
124,3
86,1
89,1
124,3
110,2
210,7
246,5
94,1
189,4
166,4
172,4
76,1
100,2
137,2
213,6
165,6
105,2
155,5
171,5
165,2
218,5
122,2
184,3
139,3
173,4
83,1
119,2
176,5
126,3
207,5
110,2
114,3
171,3
141,3
173,5
129,4
178,2
145,4
155,4
155,5
83,1
102,2
210,4
119,2
123,3
76,1
174,5
146,4
184,5
166,4
96,2
172,5
152,3
152,2
223,4
317,7
232,5
150,4
151,4
169,5
196,5
120,3
89,1
180,5
91,1
105,2
147,5
134,4
155,5
148,3
123,2
132,3
99,2
182,4
111,2
207,4
163,5
195,4
82,1
196,5
79,1
171,3
130,3
126,3
151,4
169,4
207,7
148,4
120,3
136,3
123,3
138,2
194,4
152,3
92,2
138,4
188,4
163,5
97,1
108,2
128,3
163,3
136,4
239,5
152,3
101,2
117,2
105,2
195,5
182,3
77,1
170,4
253,4
188,5
149,4
81,1
164,4
179,6
136,3
84,1
210,4
194,4
138,3
184,4
219,7
108,2
146,5
145,4
80,1
134,3
122,3
79,1
119,2
119,2
156,5
142,4
101,1
86,1
264,5
269,4
155,5
114,2
139,3
159,3
164,2
130,4
131,3
132,3
112,2
91,1
135,3
162,4
110,2
169,4
95,1
164,5
151,3
78,1
182,4
137,3
142,4
124,2
149,4
118,3
127,2
199,4
149,4
133,3
122,3
128,3
92,1
130,3
129,5
150,5
104,3
160,5
142,3
148,3
96,2
88,1
102,1
94,2
115,1
113,2
169,4
169,5
164,4
204,3
161,4
115,2
145,4
110,2
283,5
111,3
224,7
176,3
120,3
199,6
179,5
159,4
121,2
91,2
141,4
131,3
79,1
190,5
87,1
242,4
74,1
176,5
92,2
178,4
158,4
79,1
152,4
114,2
97,1
152,5
82,1
176,4
97,1
136,3
88,1
159,3
201,4
161,4
148,3
149,3
111,2
177,5
206,5
209,3
182,4
83,1
99,2
98,2
135,5
84,1
120,2
170,4
105,1
82,1
140,3
80,1
171,4
174,5
128,3
102,1
178,5
137,3
90,1
81,1
172,4
114,2
136,3
142,3
253,5
141,4
139,2
130,4
82,1
133,1
149,4
154,4
116,3
115,3
92,1
106,2
143,4
213,5
117,2
151,4
95,1
138,2
93,1
206,7
143,4
149,2
127,2
133,3
131,4
158,5
235,7
83,1
86,1
150,5
176,4
164,3
76,1
172,5
204,5
125,3
96,2
101,2
110,3
115,2
150,4
84,1
157,5
80,1
174,5
111,2
94,1
113,3
181,3
130,3
149,5
124,3
136,3
146,3
117,2
113,2
141,2
179,5
152,4
242,5
176,5
150,3
149,4
148,4
197,4
153,4
87,1
156,5
145,4
126,3
152,4
79,1
205,5
134,3
113,3
196,1
95,2
90,1
185,7
132,3
153,5
134,3
145,4
152,4
136,2
121,2
100,2
116,2
234,4
170,5
114,3
140,3
99,1
139,3
77,1
154,4
197,7
81,1
294,5
120,4
91,1
206,5
144,3
116,2
77,1
189,4
160,3
86,1
98,1
126,3
119,2
94,1
191,4
140,3
174,4
119,2
113,2
118,3
109,2
88,1
200,5
94,1
145,3
128,3
176,5
113,2
113,3
122,3
122,2
112,2
167,4
176,4
80,1
127,3
90,1
137,4
128,3
162,4
290,7
84,1
108,3
95,1
76,1
150,3
168,4
116,2
181,4
198,5
163,4
127,3
128,3
97,1
154,3
161,4
202,7
131,2
161,4
126,4
132,4
108,2
118,3
155,3
136,4
171,4
175,5
84,1
84,1
126,3
141,2
98,2
164,4
180,5
138,3
99,2
136,3
238,4
159,5
88,1
105,3
124,3
84,1
136,2
107,2
101,2
169,5
110,3
212,4
127,3
198,6
100,2
109,2
89,1
183,3
132,3
100,1
194,5
149,3
81,1
177,4
177,3
83,1
143,3
141,4
77,1
133,2
102,2
78,1
151,3
105,2
145,3
122,3
170,5
276,5
90,1
161,5
134,2
238,4
174,5
140,3
212,7
184,4
145,4
130,4
164,4
215,5
195,5
183,5
179,7
93,1
166,4
118,3
158,4
111,3
124,3
119,2
152,3
101,1
128,3
209,5
110,2
96,2
102,2
177,5
83,1
151,4
110,3
126,2
124,3
179,5
99,2
111,1
139,4
117,2
114,3
173,5
119,2
159,4
191,4
179,3
115,3
91,1
134,4
122,2
103,1
171,5
141,3
148,5
114,3
90,2
117,2
132,3
89,1
160,4
128,3
83,1
153,5
158,4
163,4
123,2
205,6
226,5
108,2
102,1
148,5
194,4
235,7
119,2
183,5
97,2
99,2
123,2
88,1
257,5
199,5
106,3
125,3
88,1
104,2
118,3
140,5
121,2
147,2
262,7
103,2
132,3
102,2
120,3
111,3
97,1
89,1
214,5
90,1
158,4
182,5
194,3
178,5
87,1
112,3
130,3
119,2
108,2
149,4
208,4
144,3
100,2
113,2
85,1
131,3
147,4
111,3
189,5
89,1
247,4
227,7
107,2
150,3
161,4
177,4
165,4
167,5
154,4
121,2
99,2
94,1
107,2
118,2
128,3
118,3
183,3
172,5
125,3
172,5
127,3
159,5
172,5
160,5
94,1
209,4
110,1
165,3
110,2
85,1
86,1
173,4
152,4
136,4
172,5
129,2
101,1
162,5
233,6
146,4
96,2
89,1
137,5
157,5
127,2
156,5
75,1
108,2
115,2
194,4
138,2
160,3
186,4
170,3
136,3
172,4
150,3
90,2
164,4
104,1
103,2
139,5
137,3
210,5
113,2
111,2
183,4
114,3
122,2
121,4
208,6
147,4
78,1
128,2
105,3
109,1
218,7
141,4
123,3
152,4
121,2
168,5
229,5
156,3
116,2
161,4
150,4
138,3
151,4
187,5
139,2
124,3
138,3
180,4
87,1
197,6
89,1
173,2
75,1
90,2
103,2
156,4
123,3
116,3
145,3
119,3
124,3
84,1
149,4
122,3
146,3
154,3
129,3
93,2
91,1
169,5
143,5
133,2
189,5
88,1
140,4
129,3
79,1
90,1
145,3
110,3
82,1
147,3
169,5
132,4
104,1
104,1
155,4
80,1
113,2
116,3
153,3
103,2
150,3
80,1
99,1
143,4
165,5
174,2
225,7
112,3
131,3
125,1
112,2
83,1
100,2
221,7
149,4
104,1
151,3
113,2
117,3
246,5
128,1
122,2
170,3
77,1
151,5
150,4
120,2
189,5
99,1
150,4
98,1
109,2
128,4
148,4
90,1
146,4
129,3
152,5
79,1
129,2
114,2
155,4
99,1
87,1
86,1
137,4
212,3
82,1
226,3
141,4
135,3
92,1
88,1
161,5
118,2
146,5
191,3
192,4
311,5
174,5
172,5
113,2
114,3
106,2
172,4
145,4
150,2
102,3
149,4
148,2
82,1
80,1
203,5
111,2
154,3
210,7
149,3
164,5
96,2
160,3
101,2
83,1
109,2
123,3
87,1
112,2
168,5
140,5
151,4
84,1
121,3
97,1
150,5
90,1
127,3
88,1
98,1
144,4
92,1
93,1
165,4
142,4
97,1
92,1
91,1
74,1
99,1
229,5
162,4
120,3
98,1
103,2
92,1
181,4
160,3
125,4
90,2
102,2
97,1
133,4
108,2
116,2
114,2
188,5
90,1
213,5
74,1
92,2
192,5
86,1
82,1
77,1
95,2
75,1
103,3
92,1
135,3
155,5
132,3
156,4
103,2
229,4
128,4
86,1
94,1
91,1
88,1
140,4
84,1
111,3
81,1
78,1
156,3
111,2
127,3
118,3
131,2
151,3
90,1
147,3
220,7
268,5
102,2
159,5
99,2
144,3
107,1
185,5
95,1
149,5
216,6
84,1
92,1
137,3
139,5
167,4
114,2
122,3
149,4
193,5
164,3
125,2
203,7
93,2
158,5
211,5
171,4
133,3
129,4
138,4
139,3
139,4
137,4
104,2
149,4
131,4
180,5
187,4
84,1
104,1
97,2
257,4
112,1
129,3
176,5
248,4
129,2
149,4
192,4
163,5
87,1
89,2
141,3
157,5
110,2
113,2
139,3
138,3
155,3
148,4
86,1
129,3
97,2
86,1
144,5
136,4
249,6
168,4
92,1
94,1
87,1
94,1
87,1
98,1
161,3
103,2
162,4
164,4
152,4
141,3
219,5
107,2
185,5
174,4
183,5
94,1
141,3
144,3
143,3
85,1
146,3
100,1
100,2
143,3
100,1
173,5
145,3
117,3
172,4
118,1
192,5
153,5
292,5
139,3
131,2
114,3
85,1
114,2
113,2
129,2
85,1
134,4
85,1
125,4
181,5
94,1
90,1
141,4
191,5
166,5
172,4
86,1
89,1
204,7
130,4
90,1
96,1
140,4
84,1
114,1
119,3
143,3
96,1
102,1
174,5
133,3
174,5
104,1
120,3
115,2
125,2
169,4
173,4
157,4
283,5
160,4
111,2
95,1
226,6
93,2
91,1
108,2
169,3
125,2
103,2
111,2
150,4
265,5
129,3
96,1
153,4
126,3
142,4
128,3
129,4
118,3
170,5
138,2
156,4
121,3
275,4
116,3
143,3
114,2
140,4
92,1
87,1
113,2
107,3
82,1
86,1
196,4
101,1
112,2
146,3
161,4
146,5
87,1
131,3
74,1
143,3
138,4
210,5
101,1
198,7
110,2
163,3
122,3
224,5
158,4
140,3
142,4
214,5
137,3
79,1
190,3
92,1
111,1
85,1
82,1
157,4
107,2
169,5
120,3
186,4
102,1
85,1
81,1
197,5
115,3
91,1
128,3
110,3
99,1
100,1
123,3
151,4
92,1
135,3
112,1
103,1
175,5
76,1
158,3
135,5
112,3
85,1
123,3
117,3
97,1
91,1
123,2
156,3
83,1
132,3
160,3
79,1
136,3
128,2
168,4
92,2
179,4
146,4
159,4
97,2
97,1
75,1
158,3
152,3
83,1
112,2
151,5
88,1
95,2
140,3
100,2
124,2
106,2
83,1
121,2
157,5
110,3
140,4
173,5
188,5
156,5
96,1
147,4
112,1
156,4
77,1
99,1
102,2
133,2
77,1
101,1
106,1
156,4
77,1
168,5
125,3
133,2
123,3
137,3
170,4
151,3
135,4
149,4
186,6
103,2
153,4
112,2
156,5
128,3
216,4
187,3
99,1
156,4
215,4
119,3
84,1
144,3
112,1
148,5
119,4
95,2
199,6
83,1
130,3
78,1
118,3
103,2
125,4
85,1
144,3
95,1
124,3
175,5
140,3
212,7
82,1
129,4
143,3
101,1
109,2
90,1
104,2
156,5
163,4
97,1
155,4
178,5
141,4
184,4
124,2
120,2
137,2
127,4
219,5
96,1
141,5
204,5
111,3
128,3
136,4
160,5
138,3
129,3
93,1
89,1
179,4
129,4
90,1
129,3
175,5
124,3
98,2
140,4
113,2
132,1
119,1
165,3
144,3
177,4
119,2
144,3
121,3
77,1
148,4
144,3
137,3
187,5
206,5
98,2
158,5
122,2
100,2
97,2
100,1
211,5
181,6
166,5
85,1
126,3
129,2
109,3
101,2
87,1
95,2
97,1
85,1
99,2
221,7
89,1
159,4
127,4
211,5
124,3
84,1
171,5
114,2
123,3
89,2
100,1
82,1
169,4
130,3
142,3
150,2
169,4
141,3
96,2
181,4
102,2
169,4
209,6
191,4
134,3
143,4
88,1
116,2
199,4
166,4
113,2
127,3
122,3
250,4
109,2
155,5
218,7
104,2
194,5
196,6
222,4
144,3
142,5
100,2
117,3
121,3
107,2
135,3
183,4
217,5
148,3
80,1
184,4
110,3
102,1
133,3
103,2
147,5
149,4
163,3
126,4
134,3
99,1
203,5
125,3
94,1
228,6
121,1
236,4
124,4
233,5
116,3
127,4
159,4
231,4
195,4
90,1
113,3
135,2
104,3
198,5
148,4
199,5
109,2
113,2
152,5
132,3
87,1
178,4
141,5
121,3
104,1
210,4
149,5
172,5
103,2
151,5
157,5
88,1
152,4
91,1
137,4
151,3
144,4
155,3
124,2
211,5
103,2
210,5
124,2
193,5
159,4
101,2
146,3
135,4
170,4
118,4
146,4
85,1
127,3
159,3
251,7
182,5
116,2
139,4
197,5
139,2
144,2
77,1
110,2
108,2
109,3
79,1
169,4
178,5
91,1
96,1
167,4
322,7
110,3
191,6
120,3
115,2
181,4
161,4
141,4
137,3
102,2
92,1
102,3
143,3
171,4
155,5
159,4
91,1
138,4
152,4
75,1
121,3
242,4
83,1
157,4
169,5
118,3
92,2
92,1
156,5
138,4
151,5
93,1
103,2
122,3
135,4
154,5
163,4
81,1
151,4
151,2
150,4
160,3
123,4
236,6
224,7
152,5
92,1
105,3
154,4
141,3
118,1
81,1
159,5
113,2
94,1
111,3
97,2
147,3
155,3
120,2
151,5
161,4
154,4
160,3
141,4
99,2
109,2
111,1
121,2
153,2
124,3
167,5
126,3
116,1
98,1
84,1
154,3
159,3
85,1
144,4
101,2
104,2
174,4
135,2
129,2
148,4
129,4
147,3
146,3
75,1
160,4
132,4
197,4
218,5
150,4
92,2
157,4
150,4
87,1
111,1
222,3
236,6
138,4
118,2
178,7
83,1
141,3
151,3
102,2
227,4
175,5
116,2
165,3
111,2
148,4
122,2
158,5
141,5
138,5
201,6
130,3
83,1
102,3
141,4
130,2
197,4
101,2
179,4
124,3
92,1
125,2
123,3
105,1
82,1
169,4
83,1
113,3
96,1
110,3
101,2
93,1
137,4
193,5
192,5
151,5
78,1
119,3
156,3
98,1
104,2
132,2
